Variant name,Condition ID type,Condition ID value,Collection method,Allele origin,Affected status
NM_001103.2:c.1484C>T,HPO,HP:0001639,research,germline,unknown
NM_014391.2:c.368C>T,HPO,HP:0001639,research,germline,unknown
NM_001885.1:c.460G>A,HPO,HP:0001639,research,germline,unknown
NM_172201.1:c.79C>T,HPO,HP:0001639,research,germline,unknown
NM_007078.2:c.1823C>T,HPO,HP:0001639,research,germline,unknown
NM_170707.3:c.976T>A,HPO,HP:0001639,research,germline,unknown
NM_000256.3:c.2441_2443delAGA,HPO,HP:0001639,research,germline,unknown
NM_000256.3:c.961G>A,HPO,HP:0001639,research,germline,unknown
NM_000256.3:c.1000G>A,HPO,HP:0001639,research,germline,unknown
NM_000256.3:c.13G>C,HPO,HP:0001639,research,germline,unknown
NM_000256.3:c.1468G>A,HPO,HP:0001639,research,germline,unknown
NM_000256.3:c.1321G>A,HPO,HP:0001639,research,germline,unknown
NM_000256.3:c.624G>C,HPO,HP:0001639,research,germline,unknown
NM_000256.3:c.2618C>A,HPO,HP:0001639,research,germline,unknown
NM_000256.3:c.3049G>A,HPO,HP:0001639,research,germline,unknown
NM_000256.3:c.3763G>A,HPO,HP:0001639,research,germline,unknown
NM_000256.3:c.2269G>A,HPO,HP:0001639,research,germline,unknown
NM_000256.3:c.2873C>T,HPO,HP:0001639,research,germline,unknown
NM_000256.3:c.1786G>A,HPO,HP:0001639,research,germline,unknown
NM_000256.3:c.529C>T,HPO,HP:0001639,research,germline,unknown
NM_000256.3:c.2381C>T,HPO,HP:0001639,research,germline,unknown
NM_000256.3:c.461T>C,HPO,HP:0001639,research,germline,unknown
NM_000256.3:c.640G>A,HPO,HP:0001639,research,germline,unknown
NM_000256.3:c.223G>A,HPO,HP:0001639,research,germline,unknown
NM_000256.3:c.3330+5G>C,HPO,HP:0001639,research,germline,unknown
NM_002471.3:c.3195G>C,HPO,HP:0001639,research,germline,unknown
NM_002471.3:c.2384G>A,HPO,HP:0001639,research,germline,unknown
NM_000257.2:c.2360G>A,HPO,HP:0001639,research,germline,unknown
NM_000257.2:c.2183C>T,HPO,HP:0001639,research,germline,unknown
NM_000257.2:c.1322C>T,HPO,HP:0001639,research,germline,unknown
NM_000257.2:c.5326A>G,HPO,HP:0001639,research,germline,unknown
NM_000432.3:c.37G>A,HPO,HP:0001639,research,germline,unknown
NM_000432.3:c.141C>A,HPO,HP:0001639,research,germline,unknown
NM_000432.3:c.401A>C,HPO,HP:0001639,research,germline,unknown
NM_000258.2:c.170C>A,HPO,HP:0001639,research,germline,unknown
NM_000258.2:c.170C>G,HPO,HP:0001639,research,germline,unknown
NM_033118.3:c.260C>T,HPO,HP:0001639,research,germline,unknown
NM_003803.3:c.1900+3A>C,HPO,HP:0001639,research,germline,unknown
NM_198056.2:c.4534C>T,HPO,HP:0001639,research,germline,unknown
NM_003673.3:c.458G>A,HPO,HP:0001639,research,germline,unknown
NM_003280.2:c.435C>A,HPO,HP:0001639,research,germline,unknown
NM_001001430.1:c.853C>T,HPO,HP:0001639,research,germline,unknown
NM_014000.2:c.2923C>T,HPO,HP:0001639,research,germline,unknown
